Order_ID,Supplier,Region,Product,Order_Date,Planned_Delivery_Date,Actual_Delivery_Date,Delay_Days,Delivery_Status,Cost
1000,Supplier_C,Poland,Item_H,2026-01-21 00:00:00,2026-01-30 00:00:00,2026-01-30 00:00:00,0,On Time,566
1001,Supplier_C,Netherlands,Item_H,2026-02-22 00:00:00,2026-02-28 00:00:00,2026-02-28 00:00:00,0,On Time,761
1002,Supplier_A,France,Item_H,2026-02-13 00:00:00,2026-02-21 00:00:00,2026-02-24 00:00:00,3,Delayed,485
1003,Supplier_D,Poland,Item_E,2026-02-02 00:00:00,2026-02-08 00:00:00,2026-02-08 00:00:00,0,On Time,121
1004,Supplier_A,Poland,Item_I,2026-02-18 00:00:00,2026-02-23 00:00:00,2026-02-23 00:00:00,0,On Time,610
1005,Supplier_B,Poland,Item_C,2026-02-13 00:00:00,2026-02-22 00:00:00,2026-02-23 00:00:00,1,Delayed,931
1006,Supplier_A,Netherlands,Item_E,2026-02-20 00:00:00,2026-03-01 00:00:00,2026-03-03 00:00:00,2,Delayed,940
1007,Supplier_C,France,Item_D,2026-01-25 00:00:00,2026-01-31 00:00:00,2026-02-03 00:00:00,3,Delayed,341
1008,Supplier_B,Germany,Item_J,2026-02-22 00:00:00,2026-02-26 00:00:00,2026-02-27 00:00:00,1,Delayed,191
1009,Supplier_C,Poland,Item_G,2026-02-13 00:00:00,2026-02-20 00:00:00,2026-02-25 00:00:00,5,Delayed,134
1010,Supplier_B,Germany,Item_D,2026-02-19 00:00:00,2026-02-25 00:00:00,2026-02-25 00:00:00,0,On Time,489
1011,Supplier_B,France,Item_D,2026-02-23 00:00:00,2026-03-02 00:00:00,2026-03-07 00:00:00,5,Delayed,501
1012,Supplier_B,Poland,Item_B,2026-01-10 00:00:00,2026-01-18 00:00:00,2026-01-19 00:00:00,1,Delayed,369
1013,Supplier_C,Poland,Item_H,2026-01-14 00:00:00,2026-01-23 00:00:00,2026-01-24 00:00:00,1,Delayed,801
1014,Supplier_D,Germany,Item_B,2026-02-16 00:00:00,2026-02-23 00:00:00,2026-02-23 00:00:00,0,On Time,316
1015,Supplier_D,Poland,Item_I,2026-01-29 00:00:00,2026-02-07 00:00:00,2026-02-09 00:00:00,2,Delayed,164
1016,Supplier_A,Netherlands,Item_I,2026-01-24 00:00:00,2026-01-27 00:00:00,2026-01-28 00:00:00,1,Delayed,747
1017,Supplier_D,Netherlands,Item_C,2026-01-17 00:00:00,2026-01-22 00:00:00,2026-01-22 00:00:00,0,On Time,388
1018,Supplier_C,Germany,Item_J,2026-02-08 00:00:00,2026-02-12 00:00:00,2026-02-12 00:00:00,0,On Time,127
1019,Supplier_C,Germany,Item_H,2026-01-12 00:00:00,2026-01-16 00:00:00,2026-01-16 00:00:00,0,On Time,147
1020,Supplier_C,Netherlands,Item_H,2026-02-06 00:00:00,2026-02-11 00:00:00,2026-02-12 00:00:00,1,Delayed,971
1021,Supplier_B,Netherlands,Item_C,2026-01-01 00:00:00,2026-01-06 00:00:00,2026-01-08 00:00:00,2,Delayed,561
1022,Supplier_C,Germany,Item_E,2026-01-26 00:00:00,2026-02-04 00:00:00,2026-02-09 00:00:00,5,Delayed,497
1023,Supplier_C,Netherlands,Item_I,2026-01-15 00:00:00,2026-01-24 00:00:00,2026-01-24 00:00:00,0,On Time,653
1024,Supplier_D,Germany,Item_C,2026-02-01 00:00:00,2026-02-10 00:00:00,2026-02-10 00:00:00,0,On Time,663
1025,Supplier_A,Poland,Item_D,2026-01-30 00:00:00,2026-02-06 00:00:00,2026-02-11 00:00:00,5,Delayed,330
1026,Supplier_A,Netherlands,Item_D,2026-01-13 00:00:00,2026-01-22 00:00:00,2026-01-22 00:00:00,0,On Time,342
1027,Supplier_B,Poland,Item_B,2026-02-11 00:00:00,2026-02-18 00:00:00,2026-02-21 00:00:00,3,Delayed,745
1028,Supplier_D,Poland,Item_D,2026-01-30 00:00:00,2026-02-07 00:00:00,2026-02-07 00:00:00,0,On Time,739
1029,Supplier_B,Netherlands,Item_I,2026-02-08 00:00:00,2026-02-16 00:00:00,2026-02-16 00:00:00,0,On Time,484
1030,Supplier_A,Netherlands,Item_I,2026-02-21 00:00:00,2026-02-28 00:00:00,2026-02-28 00:00:00,0,On Time,358
1031,Supplier_C,France,Item_H,2026-01-27 00:00:00,2026-01-30 00:00:00,2026-02-02 00:00:00,3,Delayed,776
1032,Supplier_A,Netherlands,Item_J,2026-02-13 00:00:00,2026-02-22 00:00:00,2026-02-22 00:00:00,0,On Time,473
1033,Supplier_D,Poland,Item_H,2026-02-10 00:00:00,2026-02-16 00:00:00,2026-02-16 00:00:00,0,On Time,929
1034,Supplier_A,France,Item_D,2026-01-12 00:00:00,2026-01-20 00:00:00,2026-01-25 00:00:00,5,Delayed,485
1035,Supplier_C,Germany,Item_E,2026-02-18 00:00:00,2026-02-21 00:00:00,2026-02-21 00:00:00,0,On Time,212
1036,Supplier_B,France,Item_F,2026-01-23 00:00:00,2026-01-30 00:00:00,2026-01-30 00:00:00,0,On Time,484
1037,Supplier_C,France,Item_B,2026-02-22 00:00:00,2026-02-28 00:00:00,2026-02-28 00:00:00,0,On Time,771
1038,Supplier_B,Poland,Item_G,2026-01-04 00:00:00,2026-01-13 00:00:00,2026-01-13 00:00:00,0,On Time,283
1039,Supplier_C,Germany,Item_F,2026-01-24 00:00:00,2026-01-31 00:00:00,2026-02-01 00:00:00,1,Delayed,709
1040,Supplier_B,France,Item_A,2026-01-09 00:00:00,2026-01-15 00:00:00,2026-01-15 00:00:00,0,On Time,425
1041,Supplier_D,Germany,Item_C,2026-01-20 00:00:00,2026-01-26 00:00:00,2026-01-26 00:00:00,0,On Time,502
1042,Supplier_B,Netherlands,Item_C,2026-01-20 00:00:00,2026-01-29 00:00:00,2026-01-30 00:00:00,1,Delayed,588
1043,Supplier_A,Poland,Item_G,2026-01-18 00:00:00,2026-01-21 00:00:00,2026-01-21 00:00:00,0,On Time,572
1044,Supplier_B,Netherlands,Item_J,2026-02-04 00:00:00,2026-02-13 00:00:00,2026-02-14 00:00:00,1,Delayed,243
1045,Supplier_B,Poland,Item_I,2026-02-21 00:00:00,2026-02-27 00:00:00,2026-02-27 00:00:00,0,On Time,101
1046,Supplier_A,Poland,Item_E,2026-02-06 00:00:00,2026-02-11 00:00:00,2026-02-16 00:00:00,5,Delayed,108
1047,Supplier_A,Netherlands,Item_C,2026-02-17 00:00:00,2026-02-22 00:00:00,2026-02-23 00:00:00,1,Delayed,251
1048,Supplier_B,Poland,Item_A,2026-01-24 00:00:00,2026-01-30 00:00:00,2026-01-30 00:00:00,0,On Time,724
1049,Supplier_D,Poland,Item_F,2026-02-09 00:00:00,2026-02-15 00:00:00,2026-02-18 00:00:00,3,Delayed,326
1050,Supplier_D,France,Item_I,2026-02-04 00:00:00,2026-02-07 00:00:00,2026-02-09 00:00:00,2,Delayed,995
1051,Supplier_B,France,Item_B,2026-02-23 00:00:00,2026-02-28 00:00:00,2026-03-02 00:00:00,2,Delayed,780
1052,Supplier_D,Germany,Item_D,2026-02-02 00:00:00,2026-02-10 00:00:00,2026-02-12 00:00:00,2,Delayed,915
1053,Supplier_D,Poland,Item_H,2026-01-07 00:00:00,2026-01-12 00:00:00,2026-01-12 00:00:00,0,On Time,739
1054,Supplier_A,Poland,Item_C,2026-01-22 00:00:00,2026-01-31 00:00:00,2026-02-03 00:00:00,3,Delayed,849
1055,Supplier_B,France,Item_F,2026-02-14 00:00:00,2026-02-19 00:00:00,2026-02-22 00:00:00,3,Delayed,875
1056,Supplier_C,Netherlands,Item_B,2026-01-21 00:00:00,2026-01-29 00:00:00,2026-01-29 00:00:00,0,On Time,383
1057,Supplier_C,Poland,Item_A,2026-01-05 00:00:00,2026-01-11 00:00:00,2026-01-13 00:00:00,2,Delayed,915
1058,Supplier_C,Poland,Item_C,2026-02-18 00:00:00,2026-02-21 00:00:00,2026-02-22 00:00:00,1,Delayed,319
1059,Supplier_B,Germany,Item_E,2026-01-06 00:00:00,2026-01-11 00:00:00,2026-01-12 00:00:00,1,Delayed,844
1060,Supplier_A,Poland,Item_A,2026-02-15 00:00:00,2026-02-22 00:00:00,2026-02-27 00:00:00,5,Delayed,198
1061,Supplier_D,Germany,Item_D,2026-01-21 00:00:00,2026-01-30 00:00:00,2026-01-30 00:00:00,0,On Time,355
1062,Supplier_C,Poland,Item_B,2026-01-25 00:00:00,2026-01-29 00:00:00,2026-02-03 00:00:00,5,Delayed,665
1063,Supplier_B,Netherlands,Item_H,2026-02-15 00:00:00,2026-02-19 00:00:00,2026-02-24 00:00:00,5,Delayed,953
1064,Supplier_C,France,Item_J,2026-01-02 00:00:00,2026-01-06 00:00:00,2026-01-06 00:00:00,0,On Time,203
1065,Supplier_A,Germany,Item_F,2026-02-17 00:00:00,2026-02-26 00:00:00,2026-02-28 00:00:00,2,Delayed,781
1066,Supplier_C,France,Item_C,2026-02-19 00:00:00,2026-02-22 00:00:00,2026-02-24 00:00:00,2,Delayed,927
1067,Supplier_B,Netherlands,Item_I,2026-02-05 00:00:00,2026-02-12 00:00:00,2026-02-13 00:00:00,1,Delayed,420
1068,Supplier_D,Poland,Item_C,2026-01-23 00:00:00,2026-02-01 00:00:00,2026-02-02 00:00:00,1,Delayed,453
1069,Supplier_B,Poland,Item_G,2026-01-22 00:00:00,2026-01-27 00:00:00,2026-01-27 00:00:00,0,On Time,797
1070,Supplier_C,France,Item_F,2026-02-27 00:00:00,2026-03-03 00:00:00,2026-03-06 00:00:00,3,Delayed,404
1071,Supplier_D,France,Item_F,2026-01-15 00:00:00,2026-01-23 00:00:00,2026-01-23 00:00:00,0,On Time,543
1072,Supplier_A,Germany,Item_H,2026-02-22 00:00:00,2026-02-28 00:00:00,2026-03-01 00:00:00,1,Delayed,719
1073,Supplier_A,Netherlands,Item_D,2026-01-06 00:00:00,2026-01-13 00:00:00,2026-01-14 00:00:00,1,Delayed,449
1074,Supplier_C,Netherlands,Item_G,2026-02-09 00:00:00,2026-02-15 00:00:00,2026-02-17 00:00:00,2,Delayed,469
1075,Supplier_D,France,Item_C,2026-01-17 00:00:00,2026-01-26 00:00:00,2026-01-26 00:00:00,0,On Time,703
1076,Supplier_B,Netherlands,Item_J,2026-02-06 00:00:00,2026-02-10 00:00:00,2026-02-12 00:00:00,2,Delayed,929
1077,Supplier_C,Netherlands,Item_I,2026-01-12 00:00:00,2026-01-19 00:00:00,2026-01-19 00:00:00,0,On Time,157
1078,Supplier_B,Germany,Item_B,2026-02-01 00:00:00,2026-02-09 00:00:00,2026-02-12 00:00:00,3,Delayed,659
1079,Supplier_A,Poland,Item_E,2026-01-01 00:00:00,2026-01-08 00:00:00,2026-01-13 00:00:00,5,Delayed,803
1080,Supplier_C,Germany,Item_F,2026-01-29 00:00:00,2026-02-07 00:00:00,2026-02-07 00:00:00,0,On Time,175
1081,Supplier_B,Poland,Item_C,2026-02-06 00:00:00,2026-02-14 00:00:00,2026-02-14 00:00:00,0,On Time,384
1082,Supplier_B,Poland,Item_E,2026-02-16 00:00:00,2026-02-19 00:00:00,2026-02-22 00:00:00,3,Delayed,849
1083,Supplier_B,Poland,Item_E,2026-01-12 00:00:00,2026-01-16 00:00:00,2026-01-16 00:00:00,0,On Time,531
1084,Supplier_A,Netherlands,Item_D,2026-02-02 00:00:00,2026-02-10 00:00:00,2026-02-13 00:00:00,3,Delayed,456
1085,Supplier_C,France,Item_J,2026-02-23 00:00:00,2026-03-02 00:00:00,2026-03-03 00:00:00,1,Delayed,901
1086,Supplier_D,Netherlands,Item_J,2026-02-27 00:00:00,2026-03-04 00:00:00,2026-03-04 00:00:00,0,On Time,707
1087,Supplier_A,Poland,Item_E,2026-02-14 00:00:00,2026-02-20 00:00:00,2026-02-25 00:00:00,5,Delayed,357
1088,Supplier_A,Poland,Item_D,2026-01-24 00:00:00,2026-01-30 00:00:00,2026-01-30 00:00:00,0,On Time,774
1089,Supplier_D,Germany,Item_A,2026-02-20 00:00:00,2026-02-25 00:00:00,2026-02-27 00:00:00,2,Delayed,367
1090,Supplier_C,Germany,Item_A,2026-02-09 00:00:00,2026-02-13 00:00:00,2026-02-13 00:00:00,0,On Time,655
1091,Supplier_A,Germany,Item_B,2026-02-20 00:00:00,2026-02-24 00:00:00,2026-02-24 00:00:00,0,On Time,826
1092,Supplier_A,France,Item_H,2026-01-29 00:00:00,2026-02-02 00:00:00,2026-02-02 00:00:00,0,On Time,701
1093,Supplier_B,France,Item_C,2026-02-10 00:00:00,2026-02-19 00:00:00,2026-02-20 00:00:00,1,Delayed,925
1094,Supplier_A,France,Item_H,2026-02-05 00:00:00,2026-02-08 00:00:00,2026-02-10 00:00:00,2,Delayed,860
1095,Supplier_D,France,Item_E,2026-01-09 00:00:00,2026-01-14 00:00:00,2026-01-14 00:00:00,0,On Time,198
1096,Supplier_D,Poland,Item_B,2026-02-18 00:00:00,2026-02-27 00:00:00,2026-03-04 00:00:00,5,Delayed,289
1097,Supplier_D,Germany,Item_A,2026-02-24 00:00:00,2026-03-03 00:00:00,2026-03-08 00:00:00,5,Delayed,316
1098,Supplier_C,Germany,Item_A,2026-02-18 00:00:00,2026-02-26 00:00:00,2026-02-27 00:00:00,1,Delayed,979
1099,Supplier_A,France,Item_C,2026-02-18 00:00:00,2026-02-24 00:00:00,2026-02-25 00:00:00,1,Delayed,544
1100,Supplier_A,Netherlands,Item_I,2026-01-07 00:00:00,2026-01-13 00:00:00,2026-01-16 00:00:00,3,Delayed,834
1101,Supplier_D,Poland,Item_C,2026-02-27 00:00:00,2026-03-08 00:00:00,2026-03-10 00:00:00,2,Delayed,168
1102,Supplier_C,Poland,Item_I,2026-02-21 00:00:00,2026-02-26 00:00:00,2026-02-28 00:00:00,2,Delayed,583
1103,Supplier_A,Netherlands,Item_I,2026-02-08 00:00:00,2026-02-15 00:00:00,2026-02-17 00:00:00,2,Delayed,141
1104,Supplier_B,Netherlands,Item_J,2026-01-05 00:00:00,2026-01-10 00:00:00,2026-01-15 00:00:00,5,Delayed,832
1105,Supplier_C,Netherlands,Item_B,2026-02-16 00:00:00,2026-02-22 00:00:00,2026-02-22 00:00:00,0,On Time,173
1106,Supplier_B,Poland,Item_A,2026-02-07 00:00:00,2026-02-16 00:00:00,2026-02-19 00:00:00,3,Delayed,752
1107,Supplier_D,France,Item_I,2026-02-19 00:00:00,2026-02-24 00:00:00,2026-02-24 00:00:00,0,On Time,293
1108,Supplier_A,Germany,Item_E,2026-02-07 00:00:00,2026-02-12 00:00:00,2026-02-14 00:00:00,2,Delayed,932
1109,Supplier_B,Poland,Item_A,2026-01-07 00:00:00,2026-01-10 00:00:00,2026-01-12 00:00:00,2,Delayed,231
1110,Supplier_D,France,Item_C,2026-02-13 00:00:00,2026-02-21 00:00:00,2026-02-26 00:00:00,5,Delayed,190
1111,Supplier_B,France,Item_C,2026-02-08 00:00:00,2026-02-16 00:00:00,2026-02-16 00:00:00,0,On Time,272
1112,Supplier_A,France,Item_J,2026-01-20 00:00:00,2026-01-26 00:00:00,2026-01-28 00:00:00,2,Delayed,994
1113,Supplier_A,Netherlands,Item_A,2026-01-03 00:00:00,2026-01-10 00:00:00,2026-01-11 00:00:00,1,Delayed,289
1114,Supplier_A,Netherlands,Item_A,2026-01-25 00:00:00,2026-01-28 00:00:00,2026-01-31 00:00:00,3,Delayed,216
1115,Supplier_B,France,Item_E,2026-01-16 00:00:00,2026-01-24 00:00:00,2026-01-26 00:00:00,2,Delayed,302
1116,Supplier_D,Germany,Item_D,2026-02-04 00:00:00,2026-02-09 00:00:00,2026-02-10 00:00:00,1,Delayed,540
1117,Supplier_B,Netherlands,Item_I,2026-02-18 00:00:00,2026-02-26 00:00:00,2026-03-03 00:00:00,5,Delayed,514
1118,Supplier_A,Germany,Item_F,2026-02-23 00:00:00,2026-02-28 00:00:00,2026-03-05 00:00:00,5,Delayed,111
1119,Supplier_B,Poland,Item_H,2026-02-07 00:00:00,2026-02-13 00:00:00,2026-02-14 00:00:00,1,Delayed,472
1120,Supplier_D,France,Item_D,2026-01-26 00:00:00,2026-01-30 00:00:00,2026-01-31 00:00:00,1,Delayed,277
1121,Supplier_D,Poland,Item_E,2026-02-10 00:00:00,2026-02-16 00:00:00,2026-02-16 00:00:00,0,On Time,601
1122,Supplier_C,Germany,Item_I,2026-02-02 00:00:00,2026-02-09 00:00:00,2026-02-10 00:00:00,1,Delayed,560
1123,Supplier_D,Poland,Item_C,2026-01-06 00:00:00,2026-01-10 00:00:00,2026-01-10 00:00:00,0,On Time,355
1124,Supplier_A,Netherlands,Item_I,2026-01-02 00:00:00,2026-01-06 00:00:00,2026-01-09 00:00:00,3,Delayed,341
1125,Supplier_C,Germany,Item_E,2026-02-24 00:00:00,2026-02-27 00:00:00,2026-03-02 00:00:00,3,Delayed,164
1126,Supplier_B,Poland,Item_A,2026-01-11 00:00:00,2026-01-18 00:00:00,2026-01-18 00:00:00,0,On Time,162
1127,Supplier_A,France,Item_A,2026-01-13 00:00:00,2026-01-16 00:00:00,2026-01-16 00:00:00,0,On Time,204
1128,Supplier_C,Netherlands,Item_A,2026-01-21 00:00:00,2026-01-30 00:00:00,2026-02-02 00:00:00,3,Delayed,575
1129,Supplier_A,Germany,Item_E,2026-02-07 00:00:00,2026-02-12 00:00:00,2026-02-14 00:00:00,2,Delayed,122
1130,Supplier_A,Germany,Item_E,2026-01-10 00:00:00,2026-01-14 00:00:00,2026-01-14 00:00:00,0,On Time,244
1131,Supplier_A,France,Item_I,2026-02-15 00:00:00,2026-02-18 00:00:00,2026-02-18 00:00:00,0,On Time,784
1132,Supplier_A,Poland,Item_A,2026-02-18 00:00:00,2026-02-22 00:00:00,2026-02-23 00:00:00,1,Delayed,194
1133,Supplier_D,Netherlands,Item_J,2026-02-27 00:00:00,2026-03-03 00:00:00,2026-03-06 00:00:00,3,Delayed,217
1134,Supplier_C,Netherlands,Item_B,2026-01-12 00:00:00,2026-01-15 00:00:00,2026-01-18 00:00:00,3,Delayed,335
1135,Supplier_A,France,Item_I,2026-01-17 00:00:00,2026-01-26 00:00:00,2026-01-31 00:00:00,5,Delayed,306
1136,Supplier_A,Germany,Item_B,2026-01-11 00:00:00,2026-01-16 00:00:00,2026-01-21 00:00:00,5,Delayed,521
1137,Supplier_D,Poland,Item_B,2026-02-07 00:00:00,2026-02-11 00:00:00,2026-02-11 00:00:00,0,On Time,949
1138,Supplier_B,Netherlands,Item_C,2026-02-03 00:00:00,2026-02-09 00:00:00,2026-02-09 00:00:00,0,On Time,265
1139,Supplier_A,Poland,Item_G,2026-02-11 00:00:00,2026-02-16 00:00:00,2026-02-16 00:00:00,0,On Time,232
1140,Supplier_A,Poland,Item_J,2026-02-25 00:00:00,2026-02-28 00:00:00,2026-02-28 00:00:00,0,On Time,884
1141,Supplier_D,Poland,Item_H,2026-01-05 00:00:00,2026-01-09 00:00:00,2026-01-12 00:00:00,3,Delayed,152
1142,Supplier_B,Germany,Item_C,2026-02-16 00:00:00,2026-02-19 00:00:00,2026-02-24 00:00:00,5,Delayed,282
1143,Supplier_D,Netherlands,Item_F,2026-01-16 00:00:00,2026-01-22 00:00:00,2026-01-23 00:00:00,1,Delayed,795
1144,Supplier_A,Netherlands,Item_C,2026-01-27 00:00:00,2026-02-03 00:00:00,2026-02-03 00:00:00,0,On Time,160
1145,Supplier_B,Netherlands,Item_C,2026-01-21 00:00:00,2026-01-28 00:00:00,2026-01-28 00:00:00,0,On Time,703
1146,Supplier_B,Germany,Item_F,2026-01-21 00:00:00,2026-01-29 00:00:00,2026-01-29 00:00:00,0,On Time,744
1147,Supplier_A,Poland,Item_J,2026-02-15 00:00:00,2026-02-19 00:00:00,2026-02-19 00:00:00,0,On Time,177
1148,Supplier_B,Germany,Item_I,2026-01-26 00:00:00,2026-01-29 00:00:00,2026-02-03 00:00:00,5,Delayed,220
1149,Supplier_B,Netherlands,Item_H,2026-01-30 00:00:00,2026-02-04 00:00:00,2026-02-09 00:00:00,5,Delayed,147
1150,Supplier_A,Germany,Item_J,2026-02-05 00:00:00,2026-02-08 00:00:00,2026-02-08 00:00:00,0,On Time,966
1151,Supplier_A,Poland,Item_H,2026-01-22 00:00:00,2026-01-30 00:00:00,2026-01-30 00:00:00,0,On Time,127
1152,Supplier_C,France,Item_H,2026-01-02 00:00:00,2026-01-09 00:00:00,2026-01-09 00:00:00,0,On Time,625
1153,Supplier_C,Poland,Item_C,2026-01-07 00:00:00,2026-01-12 00:00:00,2026-01-17 00:00:00,5,Delayed,849
1154,Supplier_C,Netherlands,Item_B,2026-02-27 00:00:00,2026-03-07 00:00:00,2026-03-07 00:00:00,0,On Time,982
1155,Supplier_C,Poland,Item_I,2026-02-24 00:00:00,2026-03-03 00:00:00,2026-03-04 00:00:00,1,Delayed,813
1156,Supplier_C,Germany,Item_A,2026-02-08 00:00:00,2026-02-16 00:00:00,2026-02-16 00:00:00,0,On Time,225
1157,Supplier_D,Germany,Item_A,2026-01-13 00:00:00,2026-01-19 00:00:00,2026-01-19 00:00:00,0,On Time,679
1158,Supplier_B,Netherlands,Item_I,2026-02-14 00:00:00,2026-02-18 00:00:00,2026-02-23 00:00:00,5,Delayed,327
1159,Supplier_C,France,Item_B,2026-02-16 00:00:00,2026-02-19 00:00:00,2026-02-20 00:00:00,1,Delayed,694
1160,Supplier_B,Germany,Item_E,2026-01-06 00:00:00,2026-01-12 00:00:00,2026-01-12 00:00:00,0,On Time,419
1161,Supplier_B,Netherlands,Item_H,2026-02-28 00:00:00,2026-03-07 00:00:00,2026-03-10 00:00:00,3,Delayed,840
1162,Supplier_A,Germany,Item_E,2026-01-22 00:00:00,2026-01-29 00:00:00,2026-02-01 00:00:00,3,Delayed,681
1163,Supplier_C,Poland,Item_D,2026-01-30 00:00:00,2026-02-04 00:00:00,2026-02-07 00:00:00,3,Delayed,929
1164,Supplier_B,Netherlands,Item_H,2026-02-24 00:00:00,2026-02-27 00:00:00,2026-03-04 00:00:00,5,Delayed,998
1165,Supplier_C,Netherlands,Item_H,2026-02-06 00:00:00,2026-02-12 00:00:00,2026-02-17 00:00:00,5,Delayed,105
1166,Supplier_B,Poland,Item_D,2026-01-15 00:00:00,2026-01-23 00:00:00,2026-01-26 00:00:00,3,Delayed,980
1167,Supplier_B,Poland,Item_F,2026-02-20 00:00:00,2026-02-28 00:00:00,2026-02-28 00:00:00,0,On Time,293
1168,Supplier_C,Netherlands,Item_H,2026-01-26 00:00:00,2026-01-31 00:00:00,2026-02-02 00:00:00,2,Delayed,399
1169,Supplier_A,France,Item_J,2026-02-23 00:00:00,2026-03-01 00:00:00,2026-03-01 00:00:00,0,On Time,823
1170,Supplier_A,Poland,Item_A,2026-01-12 00:00:00,2026-01-21 00:00:00,2026-01-21 00:00:00,0,On Time,189
1171,Supplier_B,Poland,Item_F,2026-02-06 00:00:00,2026-02-14 00:00:00,2026-02-14 00:00:00,0,On Time,610
1172,Supplier_D,Germany,Item_C,2026-02-02 00:00:00,2026-02-10 00:00:00,2026-02-10 00:00:00,0,On Time,109
1173,Supplier_A,Netherlands,Item_J,2026-02-13 00:00:00,2026-02-17 00:00:00,2026-02-19 00:00:00,2,Delayed,267
1174,Supplier_B,Poland,Item_A,2026-02-06 00:00:00,2026-02-09 00:00:00,2026-02-09 00:00:00,0,On Time,876
1175,Supplier_C,Netherlands,Item_H,2026-02-07 00:00:00,2026-02-16 00:00:00,2026-02-16 00:00:00,0,On Time,705
1176,Supplier_C,Germany,Item_E,2026-03-01 00:00:00,2026-03-07 00:00:00,2026-03-07 00:00:00,0,On Time,433
1177,Supplier_A,Poland,Item_I,2026-02-03 00:00:00,2026-02-09 00:00:00,2026-02-09 00:00:00,0,On Time,646
1178,Supplier_A,Poland,Item_F,2026-03-01 00:00:00,2026-03-08 00:00:00,2026-03-08 00:00:00,0,On Time,972
1179,Supplier_A,France,Item_C,2026-01-21 00:00:00,2026-01-28 00:00:00,2026-01-30 00:00:00,2,Delayed,950
1180,Supplier_C,France,Item_J,2026-01-04 00:00:00,2026-01-07 00:00:00,2026-01-09 00:00:00,2,Delayed,141
1181,Supplier_A,France,Item_H,2026-01-08 00:00:00,2026-01-17 00:00:00,2026-01-20 00:00:00,3,Delayed,899
1182,Supplier_C,Germany,Item_F,2026-02-02 00:00:00,2026-02-11 00:00:00,2026-02-16 00:00:00,5,Delayed,242
1183,Supplier_A,Germany,Item_A,2026-02-02 00:00:00,2026-02-11 00:00:00,2026-02-16 00:00:00,5,Delayed,920
1184,Supplier_D,Poland,Item_C,2026-02-08 00:00:00,2026-02-13 00:00:00,2026-02-16 00:00:00,3,Delayed,745
1185,Supplier_C,Netherlands,Item_C,2026-01-08 00:00:00,2026-01-12 00:00:00,2026-01-13 00:00:00,1,Delayed,114
1186,Supplier_C,Germany,Item_A,2026-02-21 00:00:00,2026-03-01 00:00:00,2026-03-06 00:00:00,5,Delayed,519
1187,Supplier_A,France,Item_I,2026-02-02 00:00:00,2026-02-09 00:00:00,2026-02-11 00:00:00,2,Delayed,510
1188,Supplier_C,Germany,Item_D,2026-01-22 00:00:00,2026-01-26 00:00:00,2026-01-26 00:00:00,0,On Time,616
1189,Supplier_C,France,Item_A,2026-02-23 00:00:00,2026-03-03 00:00:00,2026-03-05 00:00:00,2,Delayed,258
1190,Supplier_C,Poland,Item_H,2026-02-21 00:00:00,2026-03-02 00:00:00,2026-03-04 00:00:00,2,Delayed,747
1191,Supplier_A,Germany,Item_D,2026-01-12 00:00:00,2026-01-19 00:00:00,2026-01-19 00:00:00,0,On Time,510
1192,Supplier_C,Netherlands,Item_C,2026-02-05 00:00:00,2026-02-11 00:00:00,2026-02-11 00:00:00,0,On Time,910
1193,Supplier_C,Germany,Item_D,2026-01-11 00:00:00,2026-01-19 00:00:00,2026-01-19 00:00:00,0,On Time,971
1194,Supplier_B,France,Item_H,2026-01-23 00:00:00,2026-02-01 00:00:00,2026-02-01 00:00:00,0,On Time,401
1195,Supplier_C,Poland,Item_J,2026-01-13 00:00:00,2026-01-21 00:00:00,2026-01-21 00:00:00,0,On Time,722
1196,Supplier_D,Poland,Item_D,2026-02-17 00:00:00,2026-02-23 00:00:00,2026-02-25 00:00:00,2,Delayed,987
1197,Supplier_A,Poland,Item_J,2026-02-18 00:00:00,2026-02-24 00:00:00,2026-03-01 00:00:00,5,Delayed,477
1198,Supplier_A,France,Item_C,2026-01-29 00:00:00,2026-02-06 00:00:00,2026-02-06 00:00:00,0,On Time,825
1199,Supplier_C,Netherlands,Item_A,2026-02-15 00:00:00,2026-02-22 00:00:00,2026-02-24 00:00:00,2,Delayed,445
1200,Supplier_B,Poland,Item_F,2026-01-23 00:00:00,2026-01-26 00:00:00,2026-01-26 00:00:00,0,On Time,930
1201,Supplier_B,Netherlands,Item_C,2026-02-09 00:00:00,2026-02-18 00:00:00,2026-02-20 00:00:00,2,Delayed,530
1202,Supplier_A,Germany,Item_I,2026-01-10 00:00:00,2026-01-16 00:00:00,2026-01-16 00:00:00,0,On Time,216
1203,Supplier_B,Germany,Item_C,2026-02-21 00:00:00,2026-02-24 00:00:00,2026-02-24 00:00:00,0,On Time,174
1204,Supplier_B,France,Item_G,2026-01-18 00:00:00,2026-01-23 00:00:00,2026-01-23 00:00:00,0,On Time,446
1205,Supplier_A,Poland,Item_C,2026-02-23 00:00:00,2026-02-26 00:00:00,2026-03-03 00:00:00,5,Delayed,279
1206,Supplier_B,Germany,Item_H,2026-02-02 00:00:00,2026-02-05 00:00:00,2026-02-07 00:00:00,2,Delayed,162
1207,Supplier_C,France,Item_J,2026-01-28 00:00:00,2026-02-01 00:00:00,2026-02-03 00:00:00,2,Delayed,148
1208,Supplier_C,Germany,Item_D,2026-02-10 00:00:00,2026-02-13 00:00:00,2026-02-14 00:00:00,1,Delayed,729
1209,Supplier_B,Poland,Item_H,2026-02-18 00:00:00,2026-02-27 00:00:00,2026-02-27 00:00:00,0,On Time,835
1210,Supplier_A,France,Item_G,2026-02-20 00:00:00,2026-02-25 00:00:00,2026-02-25 00:00:00,0,On Time,417
1211,Supplier_D,France,Item_A,2026-02-14 00:00:00,2026-02-21 00:00:00,2026-02-24 00:00:00,3,Delayed,243
1212,Supplier_D,Netherlands,Item_B,2026-01-01 00:00:00,2026-01-09 00:00:00,2026-01-09 00:00:00,0,On Time,274
1213,Supplier_B,France,Item_F,2026-01-28 00:00:00,2026-01-31 00:00:00,2026-01-31 00:00:00,0,On Time,321
1214,Supplier_B,Netherlands,Item_D,2026-01-01 00:00:00,2026-01-08 00:00:00,2026-01-13 00:00:00,5,Delayed,970
1215,Supplier_C,Poland,Item_J,2026-01-10 00:00:00,2026-01-15 00:00:00,2026-01-18 00:00:00,3,Delayed,261
1216,Supplier_D,Germany,Item_G,2026-02-24 00:00:00,2026-03-02 00:00:00,2026-03-02 00:00:00,0,On Time,490
1217,Supplier_A,Poland,Item_A,2026-02-26 00:00:00,2026-03-07 00:00:00,2026-03-07 00:00:00,0,On Time,542
1218,Supplier_C,Germany,Item_H,2026-02-23 00:00:00,2026-02-26 00:00:00,2026-03-03 00:00:00,5,Delayed,328
1219,Supplier_C,Netherlands,Item_A,2026-01-28 00:00:00,2026-02-06 00:00:00,2026-02-06 00:00:00,0,On Time,902
1220,Supplier_D,Poland,Item_H,2026-02-15 00:00:00,2026-02-20 00:00:00,2026-02-21 00:00:00,1,Delayed,599
1221,Supplier_A,France,Item_E,2026-01-14 00:00:00,2026-01-23 00:00:00,2026-01-28 00:00:00,5,Delayed,106
1222,Supplier_B,Netherlands,Item_A,2026-01-23 00:00:00,2026-01-30 00:00:00,2026-01-30 00:00:00,0,On Time,723
1223,Supplier_A,Netherlands,Item_D,2026-01-29 00:00:00,2026-02-04 00:00:00,2026-02-04 00:00:00,0,On Time,613
1224,Supplier_A,Netherlands,Item_E,2026-01-20 00:00:00,2026-01-25 00:00:00,2026-01-25 00:00:00,0,On Time,485
1225,Supplier_C,Netherlands,Item_G,2026-01-12 00:00:00,2026-01-18 00:00:00,2026-01-20 00:00:00,2,Delayed,904
1226,Supplier_B,Poland,Item_I,2026-02-03 00:00:00,2026-02-10 00:00:00,2026-02-11 00:00:00,1,Delayed,966
1227,Supplier_D,France,Item_F,2026-02-13 00:00:00,2026-02-16 00:00:00,2026-02-16 00:00:00,0,On Time,257
1228,Supplier_D,Netherlands,Item_G,2026-02-01 00:00:00,2026-02-04 00:00:00,2026-02-04 00:00:00,0,On Time,214
1229,Supplier_A,France,Item_I,2026-02-09 00:00:00,2026-02-13 00:00:00,2026-02-15 00:00:00,2,Delayed,380
1230,Supplier_C,Germany,Item_F,2026-01-22 00:00:00,2026-01-27 00:00:00,2026-01-30 00:00:00,3,Delayed,103
1231,Supplier_B,France,Item_B,2026-01-23 00:00:00,2026-01-30 00:00:00,2026-01-30 00:00:00,0,On Time,937
1232,Supplier_B,Poland,Item_E,2026-02-11 00:00:00,2026-02-17 00:00:00,2026-02-17 00:00:00,0,On Time,133
1233,Supplier_A,Germany,Item_I,2026-02-07 00:00:00,2026-02-11 00:00:00,2026-02-12 00:00:00,1,Delayed,698
1234,Supplier_A,France,Item_F,2026-01-21 00:00:00,2026-01-26 00:00:00,2026-01-26 00:00:00,0,On Time,386
1235,Supplier_B,Netherlands,Item_H,2026-02-03 00:00:00,2026-02-09 00:00:00,2026-02-11 00:00:00,2,Delayed,920
1236,Supplier_C,France,Item_A,2026-01-26 00:00:00,2026-02-02 00:00:00,2026-02-03 00:00:00,1,Delayed,801
1237,Supplier_B,France,Item_B,2026-03-01 00:00:00,2026-03-09 00:00:00,2026-03-09 00:00:00,0,On Time,804
1238,Supplier_C,Germany,Item_D,2026-02-20 00:00:00,2026-02-24 00:00:00,2026-02-26 00:00:00,2,Delayed,248
1239,Supplier_C,Poland,Item_D,2026-02-18 00:00:00,2026-02-23 00:00:00,2026-02-28 00:00:00,5,Delayed,843
1240,Supplier_C,France,Item_B,2026-02-24 00:00:00,2026-03-05 00:00:00,2026-03-08 00:00:00,3,Delayed,505
1241,Supplier_A,Poland,Item_A,2026-02-27 00:00:00,2026-03-05 00:00:00,2026-03-10 00:00:00,5,Delayed,247
1242,Supplier_C,Netherlands,Item_D,2026-02-12 00:00:00,2026-02-15 00:00:00,2026-02-18 00:00:00,3,Delayed,606
1243,Supplier_A,Netherlands,Item_B,2026-01-09 00:00:00,2026-01-13 00:00:00,2026-01-13 00:00:00,0,On Time,600
1244,Supplier_A,Germany,Item_H,2026-01-17 00:00:00,2026-01-20 00:00:00,2026-01-20 00:00:00,0,On Time,160
1245,Supplier_C,Poland,Item_J,2026-01-25 00:00:00,2026-02-03 00:00:00,2026-02-03 00:00:00,0,On Time,230
1246,Supplier_B,Germany,Item_C,2026-01-30 00:00:00,2026-02-07 00:00:00,2026-02-07 00:00:00,0,On Time,623
1247,Supplier_C,Germany,Item_A,2026-01-17 00:00:00,2026-01-21 00:00:00,2026-01-21 00:00:00,0,On Time,922
1248,Supplier_A,Netherlands,Item_H,2026-01-19 00:00:00,2026-01-28 00:00:00,2026-01-30 00:00:00,2,Delayed,180
1249,Supplier_C,Germany,Item_F,2026-01-16 00:00:00,2026-01-24 00:00:00,2026-01-24 00:00:00,0,On Time,565
1250,Supplier_A,Poland,Item_J,2026-02-10 00:00:00,2026-02-17 00:00:00,2026-02-17 00:00:00,0,On Time,146
1251,Supplier_D,France,Item_G,2026-01-17 00:00:00,2026-01-26 00:00:00,2026-01-26 00:00:00,0,On Time,185
1252,Supplier_B,Netherlands,Item_E,2026-01-07 00:00:00,2026-01-10 00:00:00,2026-01-10 00:00:00,0,On Time,787
1253,Supplier_D,France,Item_G,2026-01-29 00:00:00,2026-02-02 00:00:00,2026-02-07 00:00:00,5,Delayed,471
1254,Supplier_C,Netherlands,Item_B,2026-02-28 00:00:00,2026-03-04 00:00:00,2026-03-09 00:00:00,5,Delayed,372
1255,Supplier_B,Netherlands,Item_H,2026-02-04 00:00:00,2026-02-10 00:00:00,2026-02-11 00:00:00,1,Delayed,912
1256,Supplier_B,Netherlands,Item_E,2026-02-12 00:00:00,2026-02-16 00:00:00,2026-02-21 00:00:00,5,Delayed,463
1257,Supplier_C,Netherlands,Item_H,2026-02-18 00:00:00,2026-02-24 00:00:00,2026-02-26 00:00:00,2,Delayed,496
1258,Supplier_B,Germany,Item_J,2026-02-13 00:00:00,2026-02-21 00:00:00,2026-02-21 00:00:00,0,On Time,410
1259,Supplier_C,France,Item_B,2026-01-30 00:00:00,2026-02-04 00:00:00,2026-02-09 00:00:00,5,Delayed,880
1260,Supplier_A,France,Item_C,2026-02-28 00:00:00,2026-03-09 00:00:00,2026-03-12 00:00:00,3,Delayed,128
1261,Supplier_B,Germany,Item_E,2026-02-13 00:00:00,2026-02-16 00:00:00,2026-02-17 00:00:00,1,Delayed,338
1262,Supplier_A,France,Item_I,2026-02-08 00:00:00,2026-02-14 00:00:00,2026-02-16 00:00:00,2,Delayed,676
1263,Supplier_B,Germany,Item_C,2026-02-14 00:00:00,2026-02-22 00:00:00,2026-02-25 00:00:00,3,Delayed,423
1264,Supplier_B,France,Item_E,2026-01-25 00:00:00,2026-01-28 00:00:00,2026-01-30 00:00:00,2,Delayed,684
1265,Supplier_C,Germany,Item_I,2026-01-24 00:00:00,2026-01-30 00:00:00,2026-01-31 00:00:00,1,Delayed,286
1266,Supplier_B,Germany,Item_E,2026-02-12 00:00:00,2026-02-18 00:00:00,2026-02-21 00:00:00,3,Delayed,906
1267,Supplier_D,Netherlands,Item_H,2026-01-11 00:00:00,2026-01-19 00:00:00,2026-01-21 00:00:00,2,Delayed,325
1268,Supplier_A,Netherlands,Item_D,2026-01-04 00:00:00,2026-01-09 00:00:00,2026-01-10 00:00:00,1,Delayed,960
1269,Supplier_C,France,Item_E,2026-02-20 00:00:00,2026-02-27 00:00:00,2026-03-02 00:00:00,3,Delayed,429
1270,Supplier_C,France,Item_I,2026-01-26 00:00:00,2026-01-29 00:00:00,2026-01-29 00:00:00,0,On Time,605
1271,Supplier_C,Poland,Item_F,2026-01-05 00:00:00,2026-01-12 00:00:00,2026-01-15 00:00:00,3,Delayed,146
1272,Supplier_C,Germany,Item_I,2026-02-04 00:00:00,2026-02-10 00:00:00,2026-02-10 00:00:00,0,On Time,852
1273,Supplier_A,Netherlands,Item_J,2026-02-04 00:00:00,2026-02-08 00:00:00,2026-02-08 00:00:00,0,On Time,161
1274,Supplier_A,Poland,Item_C,2026-02-01 00:00:00,2026-02-06 00:00:00,2026-02-09 00:00:00,3,Delayed,880
1275,Supplier_D,Germany,Item_I,2026-01-09 00:00:00,2026-01-15 00:00:00,2026-01-18 00:00:00,3,Delayed,456
1276,Supplier_B,Netherlands,Item_I,2026-02-25 00:00:00,2026-03-02 00:00:00,2026-03-02 00:00:00,0,On Time,640
1277,Supplier_A,Netherlands,Item_I,2026-02-03 00:00:00,2026-02-09 00:00:00,2026-02-09 00:00:00,0,On Time,620
1278,Supplier_C,Poland,Item_I,2026-01-05 00:00:00,2026-01-10 00:00:00,2026-01-10 00:00:00,0,On Time,325
1279,Supplier_D,Poland,Item_F,2026-01-08 00:00:00,2026-01-13 00:00:00,2026-01-15 00:00:00,2,Delayed,275
1280,Supplier_B,France,Item_F,2026-02-06 00:00:00,2026-02-12 00:00:00,2026-02-14 00:00:00,2,Delayed,895
1281,Supplier_A,Germany,Item_A,2026-02-19 00:00:00,2026-02-26 00:00:00,2026-03-01 00:00:00,3,Delayed,448
1282,Supplier_C,France,Item_C,2026-02-25 00:00:00,2026-03-01 00:00:00,2026-03-01 00:00:00,0,On Time,848
1283,Supplier_A,France,Item_H,2026-01-19 00:00:00,2026-01-25 00:00:00,2026-01-25 00:00:00,0,On Time,670
1284,Supplier_C,Poland,Item_I,2026-01-13 00:00:00,2026-01-18 00:00:00,2026-01-20 00:00:00,2,Delayed,444
1285,Supplier_A,France,Item_D,2026-01-27 00:00:00,2026-02-04 00:00:00,2026-02-05 00:00:00,1,Delayed,106
1286,Supplier_A,Netherlands,Item_J,2026-02-26 00:00:00,2026-03-03 00:00:00,2026-03-08 00:00:00,5,Delayed,634
1287,Supplier_B,France,Item_E,2026-01-30 00:00:00,2026-02-08 00:00:00,2026-02-13 00:00:00,5,Delayed,181
1288,Supplier_D,France,Item_G,2026-01-02 00:00:00,2026-01-09 00:00:00,2026-01-12 00:00:00,3,Delayed,766
1289,Supplier_A,Germany,Item_A,2026-02-09 00:00:00,2026-02-18 00:00:00,2026-02-18 00:00:00,0,On Time,799
1290,Supplier_D,Poland,Item_C,2026-02-17 00:00:00,2026-02-25 00:00:00,2026-02-25 00:00:00,0,On Time,513
1291,Supplier_C,France,Item_I,2026-02-01 00:00:00,2026-02-05 00:00:00,2026-02-10 00:00:00,5,Delayed,511
1292,Supplier_D,Netherlands,Item_E,2026-01-29 00:00:00,2026-02-06 00:00:00,2026-02-07 00:00:00,1,Delayed,963
1293,Supplier_D,France,Item_D,2026-01-27 00:00:00,2026-01-30 00:00:00,2026-01-31 00:00:00,1,Delayed,500
1294,Supplier_B,France,Item_A,2026-01-22 00:00:00,2026-01-26 00:00:00,2026-01-26 00:00:00,0,On Time,309
1295,Supplier_B,France,Item_D,2026-02-28 00:00:00,2026-03-05 00:00:00,2026-03-06 00:00:00,1,Delayed,480
1296,Supplier_D,Netherlands,Item_A,2026-01-06 00:00:00,2026-01-15 00:00:00,2026-01-20 00:00:00,5,Delayed,558
1297,Supplier_B,Netherlands,Item_J,2026-02-03 00:00:00,2026-02-11 00:00:00,2026-02-11 00:00:00,0,On Time,384
1298,Supplier_D,Germany,Item_C,2026-01-13 00:00:00,2026-01-16 00:00:00,2026-01-21 00:00:00,5,Delayed,370
1299,Supplier_C,Germany,Item_D,2026-02-01 00:00:00,2026-02-05 00:00:00,2026-02-10 00:00:00,5,Delayed,183
1300,Supplier_B,Netherlands,Item_C,2026-01-17 00:00:00,2026-01-25 00:00:00,2026-01-26 00:00:00,1,Delayed,539
1301,Supplier_D,Germany,Item_E,2026-02-16 00:00:00,2026-02-23 00:00:00,2026-02-23 00:00:00,0,On Time,183
1302,Supplier_B,Netherlands,Item_I,2026-01-05 00:00:00,2026-01-10 00:00:00,2026-01-10 00:00:00,0,On Time,356
1303,Supplier_B,Poland,Item_F,2026-01-15 00:00:00,2026-01-19 00:00:00,2026-01-21 00:00:00,2,Delayed,262
1304,Supplier_D,Germany,Item_I,2026-01-24 00:00:00,2026-01-30 00:00:00,2026-01-30 00:00:00,0,On Time,370
1305,Supplier_D,Poland,Item_H,2026-03-01 00:00:00,2026-03-09 00:00:00,2026-03-09 00:00:00,0,On Time,756
1306,Supplier_A,Germany,Item_H,2026-01-15 00:00:00,2026-01-20 00:00:00,2026-01-23 00:00:00,3,Delayed,661
1307,Supplier_D,Netherlands,Item_C,2026-01-29 00:00:00,2026-02-04 00:00:00,2026-02-06 00:00:00,2,Delayed,635
1308,Supplier_D,France,Item_C,2026-01-20 00:00:00,2026-01-28 00:00:00,2026-02-02 00:00:00,5,Delayed,252
1309,Supplier_B,France,Item_G,2026-01-17 00:00:00,2026-01-25 00:00:00,2026-01-26 00:00:00,1,Delayed,951
1310,Supplier_D,Germany,Item_F,2026-02-17 00:00:00,2026-02-20 00:00:00,2026-02-21 00:00:00,1,Delayed,930
1311,Supplier_B,France,Item_E,2026-02-22 00:00:00,2026-02-26 00:00:00,2026-02-26 00:00:00,0,On Time,163
1312,Supplier_A,Germany,Item_H,2026-01-21 00:00:00,2026-01-25 00:00:00,2026-01-28 00:00:00,3,Delayed,419
1313,Supplier_B,France,Item_F,2026-02-01 00:00:00,2026-02-06 00:00:00,2026-02-08 00:00:00,2,Delayed,828
1314,Supplier_A,Poland,Item_F,2026-02-10 00:00:00,2026-02-15 00:00:00,2026-02-18 00:00:00,3,Delayed,790
1315,Supplier_D,Germany,Item_A,2026-01-12 00:00:00,2026-01-15 00:00:00,2026-01-18 00:00:00,3,Delayed,771
1316,Supplier_C,Poland,Item_F,2026-01-22 00:00:00,2026-01-28 00:00:00,2026-01-29 00:00:00,1,Delayed,772
1317,Supplier_B,Poland,Item_B,2026-03-01 00:00:00,2026-03-04 00:00:00,2026-03-04 00:00:00,0,On Time,324
1318,Supplier_A,Germany,Item_A,2026-01-13 00:00:00,2026-01-19 00:00:00,2026-01-19 00:00:00,0,On Time,202
1319,Supplier_B,France,Item_G,2026-01-26 00:00:00,2026-02-03 00:00:00,2026-02-03 00:00:00,0,On Time,242
1320,Supplier_B,France,Item_G,2026-02-13 00:00:00,2026-02-16 00:00:00,2026-02-16 00:00:00,0,On Time,416
1321,Supplier_C,Netherlands,Item_F,2026-01-09 00:00:00,2026-01-17 00:00:00,2026-01-17 00:00:00,0,On Time,458
1322,Supplier_C,Poland,Item_I,2026-02-19 00:00:00,2026-02-25 00:00:00,2026-02-25 00:00:00,0,On Time,959
1323,Supplier_B,Poland,Item_G,2026-01-11 00:00:00,2026-01-17 00:00:00,2026-01-18 00:00:00,1,Delayed,489
1324,Supplier_B,France,Item_J,2026-01-03 00:00:00,2026-01-12 00:00:00,2026-01-12 00:00:00,0,On Time,799
1325,Supplier_B,France,Item_B,2026-02-23 00:00:00,2026-03-01 00:00:00,2026-03-06 00:00:00,5,Delayed,623
1326,Supplier_A,Germany,Item_C,2026-02-27 00:00:00,2026-03-04 00:00:00,2026-03-09 00:00:00,5,Delayed,849
1327,Supplier_D,Germany,Item_H,2026-01-29 00:00:00,2026-02-07 00:00:00,2026-02-09 00:00:00,2,Delayed,794
1328,Supplier_D,Netherlands,Item_B,2026-01-06 00:00:00,2026-01-10 00:00:00,2026-01-10 00:00:00,0,On Time,761
1329,Supplier_A,Poland,Item_H,2026-02-10 00:00:00,2026-02-15 00:00:00,2026-02-15 00:00:00,0,On Time,813
1330,Supplier_C,Netherlands,Item_F,2026-01-15 00:00:00,2026-01-18 00:00:00,2026-01-23 00:00:00,5,Delayed,431
1331,Supplier_A,France,Item_E,2026-01-31 00:00:00,2026-02-04 00:00:00,2026-02-06 00:00:00,2,Delayed,123
1332,Supplier_D,Germany,Item_D,2026-01-28 00:00:00,2026-02-03 00:00:00,2026-02-06 00:00:00,3,Delayed,631
1333,Supplier_D,Poland,Item_B,2026-02-18 00:00:00,2026-02-23 00:00:00,2026-02-23 00:00:00,0,On Time,519
1334,Supplier_B,Germany,Item_B,2026-02-05 00:00:00,2026-02-09 00:00:00,2026-02-14 00:00:00,5,Delayed,517
1335,Supplier_D,France,Item_G,2026-02-11 00:00:00,2026-02-16 00:00:00,2026-02-16 00:00:00,0,On Time,285
1336,Supplier_B,Germany,Item_C,2026-02-14 00:00:00,2026-02-18 00:00:00,2026-02-20 00:00:00,2,Delayed,836
1337,Supplier_C,France,Item_H,2026-02-05 00:00:00,2026-02-13 00:00:00,2026-02-18 00:00:00,5,Delayed,397
1338,Supplier_D,France,Item_B,2026-02-24 00:00:00,2026-03-03 00:00:00,2026-03-05 00:00:00,2,Delayed,652
1339,Supplier_B,France,Item_H,2026-02-08 00:00:00,2026-02-11 00:00:00,2026-02-12 00:00:00,1,Delayed,229
1340,Supplier_C,France,Item_A,2026-02-28 00:00:00,2026-03-03 00:00:00,2026-03-03 00:00:00,0,On Time,127
1341,Supplier_B,Netherlands,Item_E,2026-01-05 00:00:00,2026-01-14 00:00:00,2026-01-14 00:00:00,0,On Time,523
1342,Supplier_D,Poland,Item_D,2026-02-14 00:00:00,2026-02-23 00:00:00,2026-02-28 00:00:00,5,Delayed,386
1343,Supplier_C,France,Item_C,2026-02-23 00:00:00,2026-03-03 00:00:00,2026-03-03 00:00:00,0,On Time,704
1344,Supplier_B,Poland,Item_I,2026-01-01 00:00:00,2026-01-08 00:00:00,2026-01-09 00:00:00,1,Delayed,875
1345,Supplier_C,Poland,Item_A,2026-02-26 00:00:00,2026-03-06 00:00:00,2026-03-07 00:00:00,1,Delayed,383
1346,Supplier_A,Netherlands,Item_E,2026-02-16 00:00:00,2026-02-23 00:00:00,2026-02-24 00:00:00,1,Delayed,264
1347,Supplier_A,Germany,Item_H,2026-02-13 00:00:00,2026-02-19 00:00:00,2026-02-24 00:00:00,5,Delayed,818
1348,Supplier_B,Poland,Item_D,2026-02-19 00:00:00,2026-02-27 00:00:00,2026-02-27 00:00:00,0,On Time,610
1349,Supplier_A,Poland,Item_J,2026-01-29 00:00:00,2026-02-01 00:00:00,2026-02-06 00:00:00,5,Delayed,134
1350,Supplier_B,Germany,Item_E,2026-02-28 00:00:00,2026-03-07 00:00:00,2026-03-07 00:00:00,0,On Time,790
1351,Supplier_B,Poland,Item_J,2026-01-20 00:00:00,2026-01-27 00:00:00,2026-01-27 00:00:00,0,On Time,315
1352,Supplier_C,Netherlands,Item_B,2026-01-25 00:00:00,2026-01-29 00:00:00,2026-01-31 00:00:00,2,Delayed,284
1353,Supplier_C,Netherlands,Item_H,2026-02-16 00:00:00,2026-02-21 00:00:00,2026-02-21 00:00:00,0,On Time,527
1354,Supplier_B,Poland,Item_G,2026-02-14 00:00:00,2026-02-20 00:00:00,2026-02-20 00:00:00,0,On Time,845
1355,Supplier_D,Netherlands,Item_H,2026-02-19 00:00:00,2026-02-26 00:00:00,2026-02-26 00:00:00,0,On Time,875
1356,Supplier_A,Poland,Item_F,2026-01-05 00:00:00,2026-01-14 00:00:00,2026-01-17 00:00:00,3,Delayed,274
1357,Supplier_B,Germany,Item_G,2026-02-24 00:00:00,2026-02-28 00:00:00,2026-02-28 00:00:00,0,On Time,513
1358,Supplier_B,France,Item_A,2026-01-26 00:00:00,2026-02-04 00:00:00,2026-02-04 00:00:00,0,On Time,687
1359,Supplier_C,Poland,Item_I,2026-02-15 00:00:00,2026-02-21 00:00:00,2026-02-21 00:00:00,0,On Time,100
1360,Supplier_C,Netherlands,Item_E,2026-02-17 00:00:00,2026-02-24 00:00:00,2026-02-24 00:00:00,0,On Time,701
1361,Supplier_B,Poland,Item_B,2026-02-19 00:00:00,2026-02-27 00:00:00,2026-03-04 00:00:00,5,Delayed,684
1362,Supplier_A,Germany,Item_I,2026-02-17 00:00:00,2026-02-24 00:00:00,2026-02-24 00:00:00,0,On Time,856
1363,Supplier_A,Netherlands,Item_I,2026-01-11 00:00:00,2026-01-17 00:00:00,2026-01-17 00:00:00,0,On Time,480
1364,Supplier_B,France,Item_D,2026-02-07 00:00:00,2026-02-12 00:00:00,2026-02-15 00:00:00,3,Delayed,581
1365,Supplier_B,Germany,Item_I,2026-01-23 00:00:00,2026-01-28 00:00:00,2026-01-30 00:00:00,2,Delayed,430
1366,Supplier_A,Poland,Item_F,2026-01-07 00:00:00,2026-01-10 00:00:00,2026-01-12 00:00:00,2,Delayed,754
1367,Supplier_A,Poland,Item_J,2026-01-07 00:00:00,2026-01-16 00:00:00,2026-01-18 00:00:00,2,Delayed,927
1368,Supplier_A,Germany,Item_A,2026-02-18 00:00:00,2026-02-21 00:00:00,2026-02-21 00:00:00,0,On Time,201
1369,Supplier_B,Netherlands,Item_C,2026-01-08 00:00:00,2026-01-16 00:00:00,2026-01-19 00:00:00,3,Delayed,941
1370,Supplier_B,France,Item_I,2026-01-03 00:00:00,2026-01-10 00:00:00,2026-01-10 00:00:00,0,On Time,427
1371,Supplier_D,France,Item_F,2026-01-28 00:00:00,2026-02-04 00:00:00,2026-02-06 00:00:00,2,Delayed,253
1372,Supplier_A,Poland,Item_E,2026-02-03 00:00:00,2026-02-10 00:00:00,2026-02-15 00:00:00,5,Delayed,399
1373,Supplier_D,Netherlands,Item_G,2026-01-06 00:00:00,2026-01-14 00:00:00,2026-01-14 00:00:00,0,On Time,463
1374,Supplier_C,Netherlands,Item_E,2026-01-23 00:00:00,2026-01-28 00:00:00,2026-02-02 00:00:00,5,Delayed,435
1375,Supplier_C,Germany,Item_I,2026-02-05 00:00:00,2026-02-10 00:00:00,2026-02-10 00:00:00,0,On Time,882
1376,Supplier_D,Germany,Item_F,2026-01-19 00:00:00,2026-01-23 00:00:00,2026-01-26 00:00:00,3,Delayed,992
1377,Supplier_D,Poland,Item_E,2026-02-21 00:00:00,2026-03-01 00:00:00,2026-03-01 00:00:00,0,On Time,768
1378,Supplier_C,Poland,Item_C,2026-01-08 00:00:00,2026-01-12 00:00:00,2026-01-13 00:00:00,1,Delayed,769
1379,Supplier_B,France,Item_A,2026-01-13 00:00:00,2026-01-19 00:00:00,2026-01-19 00:00:00,0,On Time,444
1380,Supplier_B,Netherlands,Item_G,2026-01-31 00:00:00,2026-02-06 00:00:00,2026-02-06 00:00:00,0,On Time,138
1381,Supplier_A,Netherlands,Item_G,2026-02-25 00:00:00,2026-02-28 00:00:00,2026-02-28 00:00:00,0,On Time,544
1382,Supplier_B,Poland,Item_D,2026-01-20 00:00:00,2026-01-26 00:00:00,2026-01-29 00:00:00,3,Delayed,874
1383,Supplier_B,Germany,Item_H,2026-02-14 00:00:00,2026-02-18 00:00:00,2026-02-23 00:00:00,5,Delayed,990
1384,Supplier_A,Netherlands,Item_F,2026-02-23 00:00:00,2026-03-02 00:00:00,2026-03-05 00:00:00,3,Delayed,319
1385,Supplier_A,France,Item_I,2026-01-15 00:00:00,2026-01-19 00:00:00,2026-01-19 00:00:00,0,On Time,732
1386,Supplier_A,France,Item_H,2026-01-24 00:00:00,2026-01-27 00:00:00,2026-01-27 00:00:00,0,On Time,958
1387,Supplier_A,Poland,Item_B,2026-01-24 00:00:00,2026-01-29 00:00:00,2026-01-30 00:00:00,1,Delayed,159
1388,Supplier_C,France,Item_I,2026-01-18 00:00:00,2026-01-23 00:00:00,2026-01-24 00:00:00,1,Delayed,538
1389,Supplier_B,Germany,Item_A,2026-02-04 00:00:00,2026-02-10 00:00:00,2026-02-10 00:00:00,0,On Time,772
1390,Supplier_C,Germany,Item_A,2026-01-22 00:00:00,2026-01-29 00:00:00,2026-02-03 00:00:00,5,Delayed,518
1391,Supplier_D,Netherlands,Item_J,2026-01-09 00:00:00,2026-01-17 00:00:00,2026-01-19 00:00:00,2,Delayed,608
1392,Supplier_A,France,Item_I,2026-01-02 00:00:00,2026-01-07 00:00:00,2026-01-12 00:00:00,5,Delayed,696
1393,Supplier_B,Netherlands,Item_J,2026-02-23 00:00:00,2026-03-02 00:00:00,2026-03-07 00:00:00,5,Delayed,852
1394,Supplier_C,Netherlands,Item_H,2026-03-01 00:00:00,2026-03-09 00:00:00,2026-03-09 00:00:00,0,On Time,679
1395,Supplier_B,France,Item_J,2026-02-01 00:00:00,2026-02-10 00:00:00,2026-02-12 00:00:00,2,Delayed,135
1396,Supplier_D,Germany,Item_A,2026-02-05 00:00:00,2026-02-10 00:00:00,2026-02-10 00:00:00,0,On Time,747
1397,Supplier_A,Netherlands,Item_F,2026-02-10 00:00:00,2026-02-19 00:00:00,2026-02-20 00:00:00,1,Delayed,880
1398,Supplier_A,Poland,Item_B,2026-03-01 00:00:00,2026-03-08 00:00:00,2026-03-09 00:00:00,1,Delayed,638
1399,Supplier_D,Germany,Item_H,2026-02-07 00:00:00,2026-02-11 00:00:00,2026-02-11 00:00:00,0,On Time,911
1400,Supplier_A,France,Item_C,2026-01-22 00:00:00,2026-01-30 00:00:00,2026-01-30 00:00:00,0,On Time,826
1401,Supplier_D,France,Item_F,2026-01-17 00:00:00,2026-01-22 00:00:00,2026-01-22 00:00:00,0,On Time,570
1402,Supplier_B,Poland,Item_H,2026-01-22 00:00:00,2026-01-28 00:00:00,2026-01-28 00:00:00,0,On Time,647
1403,Supplier_A,Germany,Item_I,2026-02-24 00:00:00,2026-02-28 00:00:00,2026-03-03 00:00:00,3,Delayed,769
1404,Supplier_A,Netherlands,Item_A,2026-01-16 00:00:00,2026-01-22 00:00:00,2026-01-23 00:00:00,1,Delayed,614
1405,Supplier_D,France,Item_G,2026-01-28 00:00:00,2026-02-02 00:00:00,2026-02-05 00:00:00,3,Delayed,616
1406,Supplier_D,Poland,Item_H,2026-02-13 00:00:00,2026-02-16 00:00:00,2026-02-16 00:00:00,0,On Time,385
1407,Supplier_A,Poland,Item_F,2026-01-22 00:00:00,2026-01-26 00:00:00,2026-01-31 00:00:00,5,Delayed,899
1408,Supplier_A,Germany,Item_F,2026-02-21 00:00:00,2026-02-25 00:00:00,2026-02-27 00:00:00,2,Delayed,753
1409,Supplier_D,Germany,Item_G,2026-02-19 00:00:00,2026-02-26 00:00:00,2026-02-26 00:00:00,0,On Time,460
1410,Supplier_A,France,Item_I,2026-01-09 00:00:00,2026-01-12 00:00:00,2026-01-12 00:00:00,0,On Time,934
1411,Supplier_D,France,Item_G,2026-01-26 00:00:00,2026-02-01 00:00:00,2026-02-01 00:00:00,0,On Time,410
1412,Supplier_B,Netherlands,Item_F,2026-02-12 00:00:00,2026-02-21 00:00:00,2026-02-24 00:00:00,3,Delayed,415
1413,Supplier_A,Poland,Item_J,2026-01-12 00:00:00,2026-01-21 00:00:00,2026-01-21 00:00:00,0,On Time,141
1414,Supplier_B,France,Item_C,2026-01-30 00:00:00,2026-02-03 00:00:00,2026-02-06 00:00:00,3,Delayed,561
1415,Supplier_B,Netherlands,Item_G,2026-02-21 00:00:00,2026-03-01 00:00:00,2026-03-01 00:00:00,0,On Time,498
1416,Supplier_A,Netherlands,Item_B,2026-01-27 00:00:00,2026-01-31 00:00:00,2026-01-31 00:00:00,0,On Time,565
1417,Supplier_B,Poland,Item_B,2026-01-10 00:00:00,2026-01-13 00:00:00,2026-01-13 00:00:00,0,On Time,892
1418,Supplier_A,France,Item_A,2026-02-05 00:00:00,2026-02-14 00:00:00,2026-02-17 00:00:00,3,Delayed,932
1419,Supplier_B,Poland,Item_F,2026-02-15 00:00:00,2026-02-22 00:00:00,2026-02-23 00:00:00,1,Delayed,998
1420,Supplier_C,Germany,Item_F,2026-01-25 00:00:00,2026-02-01 00:00:00,2026-02-03 00:00:00,2,Delayed,581
1421,Supplier_D,Germany,Item_B,2026-01-04 00:00:00,2026-01-07 00:00:00,2026-01-12 00:00:00,5,Delayed,679
1422,Supplier_A,Poland,Item_D,2026-01-18 00:00:00,2026-01-25 00:00:00,2026-01-26 00:00:00,1,Delayed,546
1423,Supplier_B,Poland,Item_B,2026-03-01 00:00:00,2026-03-10 00:00:00,2026-03-10 00:00:00,0,On Time,386
1424,Supplier_C,Germany,Item_C,2026-02-03 00:00:00,2026-02-07 00:00:00,2026-02-07 00:00:00,0,On Time,741
1425,Supplier_B,Netherlands,Item_B,2026-01-31 00:00:00,2026-02-09 00:00:00,2026-02-09 00:00:00,0,On Time,182
1426,Supplier_A,Netherlands,Item_E,2026-01-09 00:00:00,2026-01-15 00:00:00,2026-01-18 00:00:00,3,Delayed,593
1427,Supplier_C,Netherlands,Item_A,2026-01-04 00:00:00,2026-01-10 00:00:00,2026-01-15 00:00:00,5,Delayed,651
1428,Supplier_A,Germany,Item_G,2026-03-01 00:00:00,2026-03-07 00:00:00,2026-03-09 00:00:00,2,Delayed,919
1429,Supplier_D,Poland,Item_F,2026-02-08 00:00:00,2026-02-12 00:00:00,2026-02-17 00:00:00,5,Delayed,584
1430,Supplier_D,Netherlands,Item_C,2026-01-07 00:00:00,2026-01-12 00:00:00,2026-01-13 00:00:00,1,Delayed,625
1431,Supplier_C,Germany,Item_F,2026-01-05 00:00:00,2026-01-13 00:00:00,2026-01-18 00:00:00,5,Delayed,485
1432,Supplier_B,Netherlands,Item_E,2026-02-23 00:00:00,2026-03-03 00:00:00,2026-03-08 00:00:00,5,Delayed,760
1433,Supplier_B,Netherlands,Item_J,2026-02-25 00:00:00,2026-03-06 00:00:00,2026-03-08 00:00:00,2,Delayed,164
1434,Supplier_A,Germany,Item_J,2026-02-19 00:00:00,2026-02-26 00:00:00,2026-02-28 00:00:00,2,Delayed,792
1435,Supplier_B,Germany,Item_D,2026-01-17 00:00:00,2026-01-22 00:00:00,2026-01-22 00:00:00,0,On Time,799
1436,Supplier_C,Netherlands,Item_E,2026-02-21 00:00:00,2026-03-02 00:00:00,2026-03-04 00:00:00,2,Delayed,893
1437,Supplier_B,Poland,Item_B,2026-02-21 00:00:00,2026-02-27 00:00:00,2026-02-27 00:00:00,0,On Time,843
1438,Supplier_C,Germany,Item_D,2026-01-29 00:00:00,2026-02-06 00:00:00,2026-02-06 00:00:00,0,On Time,120
1439,Supplier_B,Germany,Item_A,2026-02-10 00:00:00,2026-02-13 00:00:00,2026-02-13 00:00:00,0,On Time,524
1440,Supplier_A,France,Item_A,2026-01-10 00:00:00,2026-01-14 00:00:00,2026-01-14 00:00:00,0,On Time,331
1441,Supplier_A,Poland,Item_G,2026-02-03 00:00:00,2026-02-08 00:00:00,2026-02-11 00:00:00,3,Delayed,299
1442,Supplier_A,Netherlands,Item_A,2026-03-01 00:00:00,2026-03-10 00:00:00,2026-03-12 00:00:00,2,Delayed,566
1443,Supplier_A,Poland,Item_A,2026-01-23 00:00:00,2026-01-30 00:00:00,2026-02-01 00:00:00,2,Delayed,299
1444,Supplier_A,Netherlands,Item_A,2026-02-14 00:00:00,2026-02-19 00:00:00,2026-02-19 00:00:00,0,On Time,763
1445,Supplier_A,Germany,Item_D,2026-01-21 00:00:00,2026-01-25 00:00:00,2026-01-30 00:00:00,5,Delayed,465
1446,Supplier_D,Netherlands,Item_D,2026-01-15 00:00:00,2026-01-20 00:00:00,2026-01-25 00:00:00,5,Delayed,598
1447,Supplier_D,Netherlands,Item_J,2026-01-05 00:00:00,2026-01-12 00:00:00,2026-01-15 00:00:00,3,Delayed,451
1448,Supplier_D,Poland,Item_J,2026-02-07 00:00:00,2026-02-16 00:00:00,2026-02-17 00:00:00,1,Delayed,436
1449,Supplier_C,Poland,Item_H,2026-01-25 00:00:00,2026-01-28 00:00:00,2026-01-28 00:00:00,0,On Time,562
1450,Supplier_B,Netherlands,Item_A,2026-02-05 00:00:00,2026-02-13 00:00:00,2026-02-14 00:00:00,1,Delayed,689
1451,Supplier_A,Germany,Item_I,2026-02-27 00:00:00,2026-03-08 00:00:00,2026-03-11 00:00:00,3,Delayed,866
1452,Supplier_B,France,Item_E,2026-02-05 00:00:00,2026-02-11 00:00:00,2026-02-11 00:00:00,0,On Time,587
1453,Supplier_B,France,Item_E,2026-02-01 00:00:00,2026-02-10 00:00:00,2026-02-11 00:00:00,1,Delayed,325
1454,Supplier_C,France,Item_A,2026-02-09 00:00:00,2026-02-13 00:00:00,2026-02-18 00:00:00,5,Delayed,764
1455,Supplier_D,Netherlands,Item_J,2026-01-25 00:00:00,2026-01-29 00:00:00,2026-02-01 00:00:00,3,Delayed,513
1456,Supplier_D,Germany,Item_C,2026-02-15 00:00:00,2026-02-18 00:00:00,2026-02-20 00:00:00,2,Delayed,221
1457,Supplier_D,France,Item_G,2026-02-08 00:00:00,2026-02-11 00:00:00,2026-02-12 00:00:00,1,Delayed,332
1458,Supplier_C,France,Item_E,2026-01-13 00:00:00,2026-01-21 00:00:00,2026-01-23 00:00:00,2,Delayed,737
1459,Supplier_D,France,Item_H,2026-02-15 00:00:00,2026-02-24 00:00:00,2026-03-01 00:00:00,5,Delayed,335
1460,Supplier_D,Netherlands,Item_F,2026-01-22 00:00:00,2026-01-27 00:00:00,2026-01-27 00:00:00,0,On Time,633
1461,Supplier_D,Germany,Item_B,2026-01-02 00:00:00,2026-01-09 00:00:00,2026-01-11 00:00:00,2,Delayed,562
1462,Supplier_D,Netherlands,Item_B,2026-01-31 00:00:00,2026-02-09 00:00:00,2026-02-09 00:00:00,0,On Time,506
1463,Supplier_D,Poland,Item_F,2026-02-12 00:00:00,2026-02-19 00:00:00,2026-02-21 00:00:00,2,Delayed,452
1464,Supplier_D,Netherlands,Item_F,2026-01-19 00:00:00,2026-01-28 00:00:00,2026-01-30 00:00:00,2,Delayed,129
1465,Supplier_C,Poland,Item_I,2026-02-06 00:00:00,2026-02-15 00:00:00,2026-02-15 00:00:00,0,On Time,285
1466,Supplier_D,Poland,Item_A,2026-02-13 00:00:00,2026-02-20 00:00:00,2026-02-20 00:00:00,0,On Time,548
1467,Supplier_D,Poland,Item_C,2026-02-01 00:00:00,2026-02-05 00:00:00,2026-02-05 00:00:00,0,On Time,590
1468,Supplier_A,France,Item_E,2026-02-15 00:00:00,2026-02-24 00:00:00,2026-02-24 00:00:00,0,On Time,165
1469,Supplier_A,Poland,Item_I,2026-02-21 00:00:00,2026-02-27 00:00:00,2026-03-02 00:00:00,3,Delayed,333
1470,Supplier_B,France,Item_F,2026-01-12 00:00:00,2026-01-15 00:00:00,2026-01-18 00:00:00,3,Delayed,113
1471,Supplier_A,France,Item_E,2026-02-26 00:00:00,2026-03-04 00:00:00,2026-03-04 00:00:00,0,On Time,854
1472,Supplier_C,Netherlands,Item_F,2026-02-25 00:00:00,2026-03-02 00:00:00,2026-03-04 00:00:00,2,Delayed,797
1473,Supplier_D,Netherlands,Item_D,2026-01-20 00:00:00,2026-01-24 00:00:00,2026-01-27 00:00:00,3,Delayed,326
1474,Supplier_B,Germany,Item_F,2026-01-21 00:00:00,2026-01-29 00:00:00,2026-02-03 00:00:00,5,Delayed,504
1475,Supplier_B,France,Item_D,2026-03-01 00:00:00,2026-03-04 00:00:00,2026-03-06 00:00:00,2,Delayed,119
1476,Supplier_A,Netherlands,Item_G,2026-01-04 00:00:00,2026-01-11 00:00:00,2026-01-14 00:00:00,3,Delayed,614
1477,Supplier_D,Germany,Item_J,2026-02-24 00:00:00,2026-03-02 00:00:00,2026-03-03 00:00:00,1,Delayed,987
1478,Supplier_B,Poland,Item_B,2026-01-30 00:00:00,2026-02-03 00:00:00,2026-02-03 00:00:00,0,On Time,258
1479,Supplier_D,Poland,Item_C,2026-02-18 00:00:00,2026-02-27 00:00:00,2026-03-02 00:00:00,3,Delayed,310
1480,Supplier_B,Poland,Item_J,2026-02-07 00:00:00,2026-02-14 00:00:00,2026-02-19 00:00:00,5,Delayed,967
1481,Supplier_D,Netherlands,Item_D,2026-01-30 00:00:00,2026-02-08 00:00:00,2026-02-08 00:00:00,0,On Time,282
1482,Supplier_A,France,Item_D,2026-02-18 00:00:00,2026-02-23 00:00:00,2026-02-24 00:00:00,1,Delayed,862
1483,Supplier_C,Netherlands,Item_I,2026-03-01 00:00:00,2026-03-09 00:00:00,2026-03-11 00:00:00,2,Delayed,260
1484,Supplier_A,France,Item_D,2026-01-20 00:00:00,2026-01-29 00:00:00,2026-01-29 00:00:00,0,On Time,498
1485,Supplier_B,Netherlands,Item_G,2026-01-09 00:00:00,2026-01-13 00:00:00,2026-01-15 00:00:00,2,Delayed,604
1486,Supplier_D,Germany,Item_J,2026-02-19 00:00:00,2026-02-24 00:00:00,2026-02-26 00:00:00,2,Delayed,718
1487,Supplier_A,France,Item_F,2026-02-14 00:00:00,2026-02-22 00:00:00,2026-02-22 00:00:00,0,On Time,976
1488,Supplier_C,Germany,Item_C,2026-02-11 00:00:00,2026-02-16 00:00:00,2026-02-19 00:00:00,3,Delayed,680
1489,Supplier_A,Poland,Item_E,2026-01-20 00:00:00,2026-01-23 00:00:00,2026-01-25 00:00:00,2,Delayed,173
1490,Supplier_D,Germany,Item_D,2026-01-06 00:00:00,2026-01-10 00:00:00,2026-01-11 00:00:00,1,Delayed,737
1491,Supplier_C,Netherlands,Item_B,2026-02-04 00:00:00,2026-02-07 00:00:00,2026-02-07 00:00:00,0,On Time,711
1492,Supplier_B,Germany,Item_F,2026-02-15 00:00:00,2026-02-21 00:00:00,2026-02-22 00:00:00,1,Delayed,287
1493,Supplier_A,Netherlands,Item_D,2026-01-24 00:00:00,2026-01-27 00:00:00,2026-01-28 00:00:00,1,Delayed,824
1494,Supplier_B,Poland,Item_J,2026-01-30 00:00:00,2026-02-07 00:00:00,2026-02-08 00:00:00,1,Delayed,262
1495,Supplier_C,Poland,Item_H,2026-01-10 00:00:00,2026-01-18 00:00:00,2026-01-23 00:00:00,5,Delayed,717
1496,Supplier_A,Germany,Item_F,2026-02-13 00:00:00,2026-02-16 00:00:00,2026-02-18 00:00:00,2,Delayed,327
1497,Supplier_D,Netherlands,Item_D,2026-01-18 00:00:00,2026-01-22 00:00:00,2026-01-22 00:00:00,0,On Time,540
1498,Supplier_A,Poland,Item_B,2026-02-02 00:00:00,2026-02-07 00:00:00,2026-02-12 00:00:00,5,Delayed,169
1499,Supplier_C,Netherlands,Item_B,2026-02-01 00:00:00,2026-02-06 00:00:00,2026-02-07 00:00:00,1,Delayed,571
